{
    "search_metadata": {
        "id": "643db9e687a0ee8d7e7120e7",
        "status": "Success",
        "json_endpoint": "https://serpapi.com/searches/cf826b77646a5b8a/643db9e687a0ee8d7e7120e7.json",
        "created_at": "2023-04-17 21:28:06 UTC",
        "processed_at": "2023-04-17 21:28:06 UTC",
        "google_jobs_url": "https://www.google.com/search?q=time+series+analysis&ibp=htl;jobs&uule=w+CAIQICINVW5pdGVkIFN0YXRlcw&hl=en&gl=us&start=10",
        "raw_html_file": "https://serpapi.com/searches/cf826b77646a5b8a/643db9e687a0ee8d7e7120e7.html",
        "total_time_taken": 3.89
    },
    "search_parameters": {
        "q": "time series analysis",
        "engine": "google_jobs",
        "uule": "w+CAIQICINVW5pdGVkIFN0YXRlcw",
        "google_domain": "google.com",
        "hl": "en",
        "gl": "us",
        "start": 10
    },
    "search_information": {
        "jobs_results_state": "Fully empty"
    },
    "error": "Google hasn't returned any results for this query."
}